{"cameraMode":{"drawMode":0,"name":"Shaded","section":"Shading Mode"},"sceneLighting":false,"audioPlay":false,"sceneViewState":{"showFog":true,"showMaterialUpdate":true,"showSkybox":false,"showFlares":true,"showImageEffects":true,"showParticleSystems":true},"in2DMode":false,"pivot":{"x":-3.639456272125244,"y":-4.520864486694336,"z":6.7385053634643559},"rotation":{"x":-0.08199591934680939,"y":-0.7438462376594544,"z":0.6567738652229309,"w":-0.09287283569574356},"size":6.383858680725098,"orthographic":false}