{"cameraMode":{"drawMode":0,"name":"Shaded","section":"Shading Mode"},"sceneLighting":false,"audioPlay":false,"sceneViewState":{"showFog":true,"showMaterialUpdate":true,"showSkybox":false,"showFlares":true,"showImageEffects":true,"showParticleSystems":true},"in2DMode":false,"pivot":{"x":-0.038235604763031009,"y":0.93308424949646,"z":-0.1893172264099121},"rotation":{"x":0.005182845052331686,"y":-0.9947501420974731,"z":0.06605847924947739,"w":0.0780404582619667},"size":1.3151254653930665,"orthographic":false}