{"cameraMode":{"drawMode":0,"name":"Shaded","section":"Shading Mode"},"sceneLighting":false,"audioPlay":false,"sceneViewState":{"showFog":true,"showMaterialUpdate":true,"showSkybox":false,"showFlares":true,"showImageEffects":true,"showParticleSystems":true},"in2DMode":false,"pivot":{"x":0.28620028495788576,"y":1.3831597566604615,"z":-0.5622770190238953},"rotation":{"x":0.030256005004048349,"y":-0.83881676197052,"z":0.04686242341995239,"w":0.5415592789649963},"size":1.207395076751709,"orthographic":false}