{"cameraMode":{"drawMode":0,"name":"Shaded","section":"Shading Mode"},"sceneLighting":false,"audioPlay":false,"sceneViewState":{"showFog":true,"showMaterialUpdate":true,"showSkybox":false,"showFlares":true,"showImageEffects":true,"showParticleSystems":true},"in2DMode":false,"pivot":{"x":0.09004917740821839,"y":1.184828281402588,"z":-0.21545207500457765},"rotation":{"x":-0.0037715246435254814,"y":-0.9956588745117188,"z":0.04664083942770958,"w":-0.08053319901227951},"size":0.8994106650352478,"orthographic":false}